STAT_VAR,STAT_PRES,AGE,CCYY,OBS_VALUE,SD_VALUE
SEX_RATIO_POPN_XFDH,Ratio_pkpo_n,0-4,2000,1086,
SEX_RATIO_POPN_XFDH,Ratio_pkpo_n,0-4,2001,1086,
SEX_RATIO_POPN_XFDH,Ratio_pkpo_n,0-4,2002,1074,
SEX_RATIO_POPN_XFDH,Ratio_pkpo_n,0-4,2003,1073,
SEX_RATIO_POPN_XFDH,Ratio_pkpo_n,0-4,2004,1081,
SEX_RATIO_POPN_XFDH,Ratio_pkpo_n,0-4,2005,1073,
SEX_RATIO_POPN_XFDH,Ratio_pkpo_n,0-4,2006,1076,
SEX_RATIO_POPN_XFDH,Ratio_pkpo_n,0-4,2007,1078,
SEX_RATIO_POPN_XFDH,Ratio_pkpo_n,0-4,2008,1084,
SEX_RATIO_POPN_XFDH,Ratio_pkpo_n,0-4,2009,1088,
SEX_RATIO_POPN_XFDH,Ratio_pkpo_n,0-4,2010,1092,
SEX_RATIO_POPN_XFDH,Ratio_pkpo_n,0-4,2011,1082,
SEX_RATIO_POPN_XFDH,Ratio_pkpo_n,0-4,2012,1082,
SEX_RATIO_POPN_XFDH,Ratio_pkpo_n,0-4,2013,1070,
SEX_RATIO_POPN_XFDH,Ratio_pkpo_n,0-4,2014,1072,
SEX_RATIO_POPN_XFDH,Ratio_pkpo_n,0-4,2015,1078,
SEX_RATIO_POPN_XFDH,Ratio_pkpo_n,0-4,2016,1076,
SEX_RATIO_POPN_XFDH,Ratio_pkpo_n,0-4,2017,1069,
SEX_RATIO_POPN_XFDH,Ratio_pkpo_n,0-4,2018,1066,
SEX_RATIO_POPN_XFDH,Ratio_pkpo_n,0-4,2019,1065,
SEX_RATIO_POPN_XFDH,Ratio_pkpo_n,0-4,2020,1061,
SEX_RATIO_POPN_XFDH,Ratio_pkpo_n,0-4,2021,1053,
SEX_RATIO_POPN_XFDH,Ratio_pkpo_n,0-4,2022,1054,
SEX_RATIO_POPN_XFDH,Ratio_pkpo_n,0-4,2023,1065,102
SEX_RATIO_POPN_XFDH,Ratio_pkpo_n,5-9,2000,1083,
SEX_RATIO_POPN_XFDH,Ratio_pkpo_n,5-9,2001,1074,
SEX_RATIO_POPN_XFDH,Ratio_pkpo_n,5-9,2002,1064,
SEX_RATIO_POPN_XFDH,Ratio_pkpo_n,5-9,2003,1060,
SEX_RATIO_POPN_XFDH,Ratio_pkpo_n,5-9,2004,1058,
SEX_RATIO_POPN_XFDH,Ratio_pkpo_n,5-9,2005,1061,
SEX_RATIO_POPN_XFDH,Ratio_pkpo_n,5-9,2006,1069,
SEX_RATIO_POPN_XFDH,Ratio_pkpo_n,5-9,2007,1077,
SEX_RATIO_POPN_XFDH,Ratio_pkpo_n,5-9,2008,1087,
SEX_RATIO_POPN_XFDH,Ratio_pkpo_n,5-9,2009,1077,
SEX_RATIO_POPN_XFDH,Ratio_pkpo_n,5-9,2010,1074,
SEX_RATIO_POPN_XFDH,Ratio_pkpo_n,5-9,2011,1072,
SEX_RATIO_POPN_XFDH,Ratio_pkpo_n,5-9,2012,1063,
SEX_RATIO_POPN_XFDH,Ratio_pkpo_n,5-9,2013,1065,
SEX_RATIO_POPN_XFDH,Ratio_pkpo_n,5-9,2014,1073,
SEX_RATIO_POPN_XFDH,Ratio_pkpo_n,5-9,2015,1080,
SEX_RATIO_POPN_XFDH,Ratio_pkpo_n,5-9,2016,1075,
SEX_RATIO_POPN_XFDH,Ratio_pkpo_n,5-9,2017,1088,
SEX_RATIO_POPN_XFDH,Ratio_pkpo_n,5-9,2018,1079,
SEX_RATIO_POPN_XFDH,Ratio_pkpo_n,5-9,2019,1068,
SEX_RATIO_POPN_XFDH,Ratio_pkpo_n,5-9,2020,1066,
SEX_RATIO_POPN_XFDH,Ratio_pkpo_n,5-9,2021,1058,
SEX_RATIO_POPN_XFDH,Ratio_pkpo_n,5-9,2022,1055,
SEX_RATIO_POPN_XFDH,Ratio_pkpo_n,5-9,2023,1054,102
SEX_RATIO_POPN_XFDH,Ratio_pkpo_n,10-14,2000,1056,
SEX_RATIO_POPN_XFDH,Ratio_pkpo_n,10-14,2001,1060,
SEX_RATIO_POPN_XFDH,Ratio_pkpo_n,10-14,2002,1060,
SEX_RATIO_POPN_XFDH,Ratio_pkpo_n,10-14,2003,1059,
SEX_RATIO_POPN_XFDH,Ratio_pkpo_n,10-14,2004,1058,
SEX_RATIO_POPN_XFDH,Ratio_pkpo_n,10-14,2005,1056,
SEX_RATIO_POPN_XFDH,Ratio_pkpo_n,10-14,2006,1052,
SEX_RATIO_POPN_XFDH,Ratio_pkpo_n,10-14,2007,1050,
SEX_RATIO_POPN_XFDH,Ratio_pkpo_n,10-14,2008,1053,
SEX_RATIO_POPN_XFDH,Ratio_pkpo_n,10-14,2009,1053,
SEX_RATIO_POPN_XFDH,Ratio_pkpo_n,10-14,2010,1058,
SEX_RATIO_POPN_XFDH,Ratio_pkpo_n,10-14,2011,1067,
SEX_RATIO_POPN_XFDH,Ratio_pkpo_n,10-14,2012,1069,
SEX_RATIO_POPN_XFDH,Ratio_pkpo_n,10-14,2013,1069,
SEX_RATIO_POPN_XFDH,Ratio_pkpo_n,10-14,2014,1057,
SEX_RATIO_POPN_XFDH,Ratio_pkpo_n,10-14,2015,1051,
SEX_RATIO_POPN_XFDH,Ratio_pkpo_n,10-14,2016,1042,
SEX_RATIO_POPN_XFDH,Ratio_pkpo_n,10-14,2017,1047,
SEX_RATIO_POPN_XFDH,Ratio_pkpo_n,10-14,2018,1065,
SEX_RATIO_POPN_XFDH,Ratio_pkpo_n,10-14,2019,1072,
SEX_RATIO_POPN_XFDH,Ratio_pkpo_n,10-14,2020,1059,
SEX_RATIO_POPN_XFDH,Ratio_pkpo_n,10-14,2021,1072,
SEX_RATIO_POPN_XFDH,Ratio_pkpo_n,10-14,2022,1078,
SEX_RATIO_POPN_XFDH,Ratio_pkpo_n,10-14,2023,1083,102
SEX_RATIO_POPN_XFDH,Ratio_pkpo_n,15-19,2000,1067,
SEX_RATIO_POPN_XFDH,Ratio_pkpo_n,15-19,2001,1064,
SEX_RATIO_POPN_XFDH,Ratio_pkpo_n,15-19,2002,1059,
SEX_RATIO_POPN_XFDH,Ratio_pkpo_n,15-19,2003,1047,
SEX_RATIO_POPN_XFDH,Ratio_pkpo_n,15-19,2004,1036,
SEX_RATIO_POPN_XFDH,Ratio_pkpo_n,15-19,2005,1030,
SEX_RATIO_POPN_XFDH,Ratio_pkpo_n,15-19,2006,1040,
SEX_RATIO_POPN_XFDH,Ratio_pkpo_n,15-19,2007,1052,
SEX_RATIO_POPN_XFDH,Ratio_pkpo_n,15-19,2008,1059,
SEX_RATIO_POPN_XFDH,Ratio_pkpo_n,15-19,2009,1060,
SEX_RATIO_POPN_XFDH,Ratio_pkpo_n,15-19,2010,1061,
SEX_RATIO_POPN_XFDH,Ratio_pkpo_n,15-19,2011,1053,
SEX_RATIO_POPN_XFDH,Ratio_pkpo_n,15-19,2012,1054,
SEX_RATIO_POPN_XFDH,Ratio_pkpo_n,15-19,2013,1061,
SEX_RATIO_POPN_XFDH,Ratio_pkpo_n,15-19,2014,1060,
SEX_RATIO_POPN_XFDH,Ratio_pkpo_n,15-19,2015,1065,
SEX_RATIO_POPN_XFDH,Ratio_pkpo_n,15-19,2016,1075,
SEX_RATIO_POPN_XFDH,Ratio_pkpo_n,15-19,2017,1070,
SEX_RATIO_POPN_XFDH,Ratio_pkpo_n,15-19,2018,1057,
SEX_RATIO_POPN_XFDH,Ratio_pkpo_n,15-19,2019,1040,
SEX_RATIO_POPN_XFDH,Ratio_pkpo_n,15-19,2020,1034,
SEX_RATIO_POPN_XFDH,Ratio_pkpo_n,15-19,2021,1037,
SEX_RATIO_POPN_XFDH,Ratio_pkpo_n,15-19,2022,1044,
SEX_RATIO_POPN_XFDH,Ratio_pkpo_n,15-19,2023,1059,102
SEX_RATIO_POPN_XFDH,Ratio_pkpo_n,20-24,2000,1063,
SEX_RATIO_POPN_XFDH,Ratio_pkpo_n,20-24,2001,1084,
SEX_RATIO_POPN_XFDH,Ratio_pkpo_n,20-24,2002,1153,
SEX_RATIO_POPN_XFDH,Ratio_pkpo_n,20-24,2003,1125,
SEX_RATIO_POPN_XFDH,Ratio_pkpo_n,20-24,2004,1100,
SEX_RATIO_POPN_XFDH,Ratio_pkpo_n,20-24,2005,1060,
SEX_RATIO_POPN_XFDH,Ratio_pkpo_n,20-24,2006,1038,
SEX_RATIO_POPN_XFDH,Ratio_pkpo_n,20-24,2007,1018,
SEX_RATIO_POPN_XFDH,Ratio_pkpo_n,20-24,2008,1007,
SEX_RATIO_POPN_XFDH,Ratio_pkpo_n,20-24,2009,1005,
SEX_RATIO_POPN_XFDH,Ratio_pkpo_n,20-24,2010,1004,
SEX_RATIO_POPN_XFDH,Ratio_pkpo_n,20-24,2011,1033,
SEX_RATIO_POPN_XFDH,Ratio_pkpo_n,20-24,2012,1021,
SEX_RATIO_POPN_XFDH,Ratio_pkpo_n,20-24,2013,1023,
SEX_RATIO_POPN_XFDH,Ratio_pkpo_n,20-24,2014,1029,
SEX_RATIO_POPN_XFDH,Ratio_pkpo_n,20-24,2015,1043,
SEX_RATIO_POPN_XFDH,Ratio_pkpo_n,20-24,2016,1020,
SEX_RATIO_POPN_XFDH,Ratio_pkpo_n,20-24,2017,1022,
SEX_RATIO_POPN_XFDH,Ratio_pkpo_n,20-24,2018,1034,
SEX_RATIO_POPN_XFDH,Ratio_pkpo_n,20-24,2019,1030,
SEX_RATIO_POPN_XFDH,Ratio_pkpo_n,20-24,2020,1045,
SEX_RATIO_POPN_XFDH,Ratio_pkpo_n,20-24,2021,1059,
SEX_RATIO_POPN_XFDH,Ratio_pkpo_n,20-24,2022,1050,
SEX_RATIO_POPN_XFDH,Ratio_pkpo_n,20-24,2023,1022,102
SEX_RATIO_POPN_XFDH,Ratio_pkpo_n,25-29,2000,983,
SEX_RATIO_POPN_XFDH,Ratio_pkpo_n,25-29,2001,1027,
SEX_RATIO_POPN_XFDH,Ratio_pkpo_n,25-29,2002,1067,
SEX_RATIO_POPN_XFDH,Ratio_pkpo_n,25-29,2003,1056,
SEX_RATIO_POPN_XFDH,Ratio_pkpo_n,25-29,2004,1058,
SEX_RATIO_POPN_XFDH,Ratio_pkpo_n,25-29,2005,1043,
SEX_RATIO_POPN_XFDH,Ratio_pkpo_n,25-29,2006,1009,
SEX_RATIO_POPN_XFDH,Ratio_pkpo_n,25-29,2007,1004,
SEX_RATIO_POPN_XFDH,Ratio_pkpo_n,25-29,2008,994,
SEX_RATIO_POPN_XFDH,Ratio_pkpo_n,25-29,2009,993,
SEX_RATIO_POPN_XFDH,Ratio_pkpo_n,25-29,2010,984,
SEX_RATIO_POPN_XFDH,Ratio_pkpo_n,25-29,2011,994,
SEX_RATIO_POPN_XFDH,Ratio_pkpo_n,25-29,2012,950,
SEX_RATIO_POPN_XFDH,Ratio_pkpo_n,25-29,2013,935,
SEX_RATIO_POPN_XFDH,Ratio_pkpo_n,25-29,2014,941,
SEX_RATIO_POPN_XFDH,Ratio_pkpo_n,25-29,2015,971,
SEX_RATIO_POPN_XFDH,Ratio_pkpo_n,25-29,2016,966,
SEX_RATIO_POPN_XFDH,Ratio_pkpo_n,25-29,2017,986,
SEX_RATIO_POPN_XFDH,Ratio_pkpo_n,25-29,2018,993,
SEX_RATIO_POPN_XFDH,Ratio_pkpo_n,25-29,2019,990,
SEX_RATIO_POPN_XFDH,Ratio_pkpo_n,25-29,2020,1005,
SEX_RATIO_POPN_XFDH,Ratio_pkpo_n,25-29,2021,1003,
SEX_RATIO_POPN_XFDH,Ratio_pkpo_n,25-29,2022,1009,
SEX_RATIO_POPN_XFDH,Ratio_pkpo_n,25-29,2023,1006,102
SEX_RATIO_POPN_XFDH,Ratio_pkpo_n,30-34,2000,956,
SEX_RATIO_POPN_XFDH,Ratio_pkpo_n,30-34,2001,929,
SEX_RATIO_POPN_XFDH,Ratio_pkpo_n,30-34,2002,913,
SEX_RATIO_POPN_XFDH,Ratio_pkpo_n,30-34,2003,881,
SEX_RATIO_POPN_XFDH,Ratio_pkpo_n,30-34,2004,887,
SEX_RATIO_POPN_XFDH,Ratio_pkpo_n,30-34,2005,901,
SEX_RATIO_POPN_XFDH,Ratio_pkpo_n,30-34,2006,915,
SEX_RATIO_POPN_XFDH,Ratio_pkpo_n,30-34,2007,907,
SEX_RATIO_POPN_XFDH,Ratio_pkpo_n,30-34,2008,905,
SEX_RATIO_POPN_XFDH,Ratio_pkpo_n,30-34,2009,904,
SEX_RATIO_POPN_XFDH,Ratio_pkpo_n,30-34,2010,900,
SEX_RATIO_POPN_XFDH,Ratio_pkpo_n,30-34,2011,891,
SEX_RATIO_POPN_XFDH,Ratio_pkpo_n,30-34,2012,893,
SEX_RATIO_POPN_XFDH,Ratio_pkpo_n,30-34,2013,887,
SEX_RATIO_POPN_XFDH,Ratio_pkpo_n,30-34,2014,891,
SEX_RATIO_POPN_XFDH,Ratio_pkpo_n,30-34,2015,900,
SEX_RATIO_POPN_XFDH,Ratio_pkpo_n,30-34,2016,881,
SEX_RATIO_POPN_XFDH,Ratio_pkpo_n,30-34,2017,883,
SEX_RATIO_POPN_XFDH,Ratio_pkpo_n,30-34,2018,902,
SEX_RATIO_POPN_XFDH,Ratio_pkpo_n,30-34,2019,907,
SEX_RATIO_POPN_XFDH,Ratio_pkpo_n,30-34,2020,947,
SEX_RATIO_POPN_XFDH,Ratio_pkpo_n,30-34,2021,947,
SEX_RATIO_POPN_XFDH,Ratio_pkpo_n,30-34,2022,954,
SEX_RATIO_POPN_XFDH,Ratio_pkpo_n,30-34,2023,964,102
SEX_RATIO_POPN_XFDH,Ratio_pkpo_n,35-39,2000,971,
SEX_RATIO_POPN_XFDH,Ratio_pkpo_n,35-39,2001,940,
SEX_RATIO_POPN_XFDH,Ratio_pkpo_n,35-39,2002,912,
SEX_RATIO_POPN_XFDH,Ratio_pkpo_n,35-39,2003,887,
SEX_RATIO_POPN_XFDH,Ratio_pkpo_n,35-39,2004,872,
SEX_RATIO_POPN_XFDH,Ratio_pkpo_n,35-39,2005,857,
SEX_RATIO_POPN_XFDH,Ratio_pkpo_n,35-39,2006,841,
SEX_RATIO_POPN_XFDH,Ratio_pkpo_n,35-39,2007,834,
SEX_RATIO_POPN_XFDH,Ratio_pkpo_n,35-39,2008,828,
SEX_RATIO_POPN_XFDH,Ratio_pkpo_n,35-39,2009,840,
SEX_RATIO_POPN_XFDH,Ratio_pkpo_n,35-39,2010,847,
SEX_RATIO_POPN_XFDH,Ratio_pkpo_n,35-39,2011,853,
SEX_RATIO_POPN_XFDH,Ratio_pkpo_n,35-39,2012,864,
SEX_RATIO_POPN_XFDH,Ratio_pkpo_n,35-39,2013,866,
SEX_RATIO_POPN_XFDH,Ratio_pkpo_n,35-39,2014,870,
SEX_RATIO_POPN_XFDH,Ratio_pkpo_n,35-39,2015,846,
SEX_RATIO_POPN_XFDH,Ratio_pkpo_n,35-39,2016,866,
SEX_RATIO_POPN_XFDH,Ratio_pkpo_n,35-39,2017,844,
SEX_RATIO_POPN_XFDH,Ratio_pkpo_n,35-39,2018,836,
SEX_RATIO_POPN_XFDH,Ratio_pkpo_n,35-39,2019,844,
SEX_RATIO_POPN_XFDH,Ratio_pkpo_n,35-39,2020,856,
SEX_RATIO_POPN_XFDH,Ratio_pkpo_n,35-39,2021,873,
SEX_RATIO_POPN_XFDH,Ratio_pkpo_n,35-39,2022,875,
SEX_RATIO_POPN_XFDH,Ratio_pkpo_n,35-39,2023,924,102
SEX_RATIO_POPN_XFDH,Ratio_pkpo_n,40-44,2000,1059,
SEX_RATIO_POPN_XFDH,Ratio_pkpo_n,40-44,2001,1054,
SEX_RATIO_POPN_XFDH,Ratio_pkpo_n,40-44,2002,1025,
SEX_RATIO_POPN_XFDH,Ratio_pkpo_n,40-44,2003,983,
SEX_RATIO_POPN_XFDH,Ratio_pkpo_n,40-44,2004,947,
SEX_RATIO_POPN_XFDH,Ratio_pkpo_n,40-44,2005,915,
SEX_RATIO_POPN_XFDH,Ratio_pkpo_n,40-44,2006,893,
SEX_RATIO_POPN_XFDH,Ratio_pkpo_n,40-44,2007,879,
SEX_RATIO_POPN_XFDH,Ratio_pkpo_n,40-44,2008,875,
SEX_RATIO_POPN_XFDH,Ratio_pkpo_n,40-44,2009,863,
SEX_RATIO_POPN_XFDH,Ratio_pkpo_n,40-44,2010,842,
SEX_RATIO_POPN_XFDH,Ratio_pkpo_n,40-44,2011,821,
SEX_RATIO_POPN_XFDH,Ratio_pkpo_n,40-44,2012,820,
SEX_RATIO_POPN_XFDH,Ratio_pkpo_n,40-44,2013,817,
SEX_RATIO_POPN_XFDH,Ratio_pkpo_n,40-44,2014,821,
SEX_RATIO_POPN_XFDH,Ratio_pkpo_n,40-44,2015,817,
SEX_RATIO_POPN_XFDH,Ratio_pkpo_n,40-44,2016,814,
SEX_RATIO_POPN_XFDH,Ratio_pkpo_n,40-44,2017,819,
SEX_RATIO_POPN_XFDH,Ratio_pkpo_n,40-44,2018,817,
SEX_RATIO_POPN_XFDH,Ratio_pkpo_n,40-44,2019,813,
SEX_RATIO_POPN_XFDH,Ratio_pkpo_n,40-44,2020,816,
SEX_RATIO_POPN_XFDH,Ratio_pkpo_n,40-44,2021,827,
SEX_RATIO_POPN_XFDH,Ratio_pkpo_n,40-44,2022,839,
SEX_RATIO_POPN_XFDH,Ratio_pkpo_n,40-44,2023,837,102
SEX_RATIO_POPN_XFDH,Ratio_pkpo_n,45-49,2000,1074,
SEX_RATIO_POPN_XFDH,Ratio_pkpo_n,45-49,2001,1055,
SEX_RATIO_POPN_XFDH,Ratio_pkpo_n,45-49,2002,1039,
SEX_RATIO_POPN_XFDH,Ratio_pkpo_n,45-49,2003,1030,
SEX_RATIO_POPN_XFDH,Ratio_pkpo_n,45-49,2004,1020,
SEX_RATIO_POPN_XFDH,Ratio_pkpo_n,45-49,2005,1016,
SEX_RATIO_POPN_XFDH,Ratio_pkpo_n,45-49,2006,1008,
SEX_RATIO_POPN_XFDH,Ratio_pkpo_n,45-49,2007,994,
SEX_RATIO_POPN_XFDH,Ratio_pkpo_n,45-49,2008,965,
SEX_RATIO_POPN_XFDH,Ratio_pkpo_n,45-49,2009,936,
SEX_RATIO_POPN_XFDH,Ratio_pkpo_n,45-49,2010,907,
SEX_RATIO_POPN_XFDH,Ratio_pkpo_n,45-49,2011,876,
SEX_RATIO_POPN_XFDH,Ratio_pkpo_n,45-49,2012,869,
SEX_RATIO_POPN_XFDH,Ratio_pkpo_n,45-49,2013,866,
SEX_RATIO_POPN_XFDH,Ratio_pkpo_n,45-49,2014,848,
SEX_RATIO_POPN_XFDH,Ratio_pkpo_n,45-49,2015,821,
SEX_RATIO_POPN_XFDH,Ratio_pkpo_n,45-49,2016,803,
SEX_RATIO_POPN_XFDH,Ratio_pkpo_n,45-49,2017,789,
SEX_RATIO_POPN_XFDH,Ratio_pkpo_n,45-49,2018,780,
SEX_RATIO_POPN_XFDH,Ratio_pkpo_n,45-49,2019,781,
SEX_RATIO_POPN_XFDH,Ratio_pkpo_n,45-49,2020,791,
SEX_RATIO_POPN_XFDH,Ratio_pkpo_n,45-49,2021,798,
SEX_RATIO_POPN_XFDH,Ratio_pkpo_n,45-49,2022,822,
SEX_RATIO_POPN_XFDH,Ratio_pkpo_n,45-49,2023,808,102
SEX_RATIO_POPN_XFDH,Ratio_pkpo_n,50-54,2000,1126,
SEX_RATIO_POPN_XFDH,Ratio_pkpo_n,50-54,2001,1102,
SEX_RATIO_POPN_XFDH,Ratio_pkpo_n,50-54,2002,1072,
SEX_RATIO_POPN_XFDH,Ratio_pkpo_n,50-54,2003,1050,
SEX_RATIO_POPN_XFDH,Ratio_pkpo_n,50-54,2004,1028,
SEX_RATIO_POPN_XFDH,Ratio_pkpo_n,50-54,2005,1017,
SEX_RATIO_POPN_XFDH,Ratio_pkpo_n,50-54,2006,1013,
SEX_RATIO_POPN_XFDH,Ratio_pkpo_n,50-54,2007,1013,
SEX_RATIO_POPN_XFDH,Ratio_pkpo_n,50-54,2008,1008,
SEX_RATIO_POPN_XFDH,Ratio_pkpo_n,50-54,2009,1006,
SEX_RATIO_POPN_XFDH,Ratio_pkpo_n,50-54,2010,1001,
SEX_RATIO_POPN_XFDH,Ratio_pkpo_n,50-54,2011,994,
SEX_RATIO_POPN_XFDH,Ratio_pkpo_n,50-54,2012,983,
SEX_RATIO_POPN_XFDH,Ratio_pkpo_n,50-54,2013,957,
SEX_RATIO_POPN_XFDH,Ratio_pkpo_n,50-54,2014,925,
SEX_RATIO_POPN_XFDH,Ratio_pkpo_n,50-54,2015,901,
SEX_RATIO_POPN_XFDH,Ratio_pkpo_n,50-54,2016,875,
SEX_RATIO_POPN_XFDH,Ratio_pkpo_n,50-54,2017,855,
SEX_RATIO_POPN_XFDH,Ratio_pkpo_n,50-54,2018,840,
SEX_RATIO_POPN_XFDH,Ratio_pkpo_n,50-54,2019,817,
SEX_RATIO_POPN_XFDH,Ratio_pkpo_n,50-54,2020,806,
SEX_RATIO_POPN_XFDH,Ratio_pkpo_n,50-54,2021,785,
SEX_RATIO_POPN_XFDH,Ratio_pkpo_n,50-54,2022,797,
SEX_RATIO_POPN_XFDH,Ratio_pkpo_n,50-54,2023,778,102
SEX_RATIO_POPN_XFDH,Ratio_pkpo_n,55-59,2000,1223,
SEX_RATIO_POPN_XFDH,Ratio_pkpo_n,55-59,2001,1178,
SEX_RATIO_POPN_XFDH,Ratio_pkpo_n,55-59,2002,1132,
SEX_RATIO_POPN_XFDH,Ratio_pkpo_n,55-59,2003,1098,
SEX_RATIO_POPN_XFDH,Ratio_pkpo_n,55-59,2004,1067,
SEX_RATIO_POPN_XFDH,Ratio_pkpo_n,55-59,2005,1053,
SEX_RATIO_POPN_XFDH,Ratio_pkpo_n,55-59,2006,1045,
SEX_RATIO_POPN_XFDH,Ratio_pkpo_n,55-59,2007,1026,
SEX_RATIO_POPN_XFDH,Ratio_pkpo_n,55-59,2008,1013,
SEX_RATIO_POPN_XFDH,Ratio_pkpo_n,55-59,2009,1007,
SEX_RATIO_POPN_XFDH,Ratio_pkpo_n,55-59,2010,1002,
SEX_RATIO_POPN_XFDH,Ratio_pkpo_n,55-59,2011,996,
SEX_RATIO_POPN_XFDH,Ratio_pkpo_n,55-59,2012,999,
SEX_RATIO_POPN_XFDH,Ratio_pkpo_n,55-59,2013,998,
SEX_RATIO_POPN_XFDH,Ratio_pkpo_n,55-59,2014,994,
SEX_RATIO_POPN_XFDH,Ratio_pkpo_n,55-59,2015,988,
SEX_RATIO_POPN_XFDH,Ratio_pkpo_n,55-59,2016,988,
SEX_RATIO_POPN_XFDH,Ratio_pkpo_n,55-59,2017,970,
SEX_RATIO_POPN_XFDH,Ratio_pkpo_n,55-59,2018,934,
SEX_RATIO_POPN_XFDH,Ratio_pkpo_n,55-59,2019,898,
SEX_RATIO_POPN_XFDH,Ratio_pkpo_n,55-59,2020,871,
SEX_RATIO_POPN_XFDH,Ratio_pkpo_n,55-59,2021,844,
SEX_RATIO_POPN_XFDH,Ratio_pkpo_n,55-59,2022,832,
SEX_RATIO_POPN_XFDH,Ratio_pkpo_n,55-59,2023,830,102
SEX_RATIO_POPN_XFDH,Ratio_pkpo_n,60-64,2000,1120,
SEX_RATIO_POPN_XFDH,Ratio_pkpo_n,60-64,2001,1146,
SEX_RATIO_POPN_XFDH,Ratio_pkpo_n,60-64,2002,1150,
SEX_RATIO_POPN_XFDH,Ratio_pkpo_n,60-64,2003,1164,
SEX_RATIO_POPN_XFDH,Ratio_pkpo_n,60-64,2004,1167,
SEX_RATIO_POPN_XFDH,Ratio_pkpo_n,60-64,2005,1144,
SEX_RATIO_POPN_XFDH,Ratio_pkpo_n,60-64,2006,1102,
SEX_RATIO_POPN_XFDH,Ratio_pkpo_n,60-64,2007,1074,
SEX_RATIO_POPN_XFDH,Ratio_pkpo_n,60-64,2008,1050,
SEX_RATIO_POPN_XFDH,Ratio_pkpo_n,60-64,2009,1029,
SEX_RATIO_POPN_XFDH,Ratio_pkpo_n,60-64,2010,1014,
SEX_RATIO_POPN_XFDH,Ratio_pkpo_n,60-64,2011,1009,
SEX_RATIO_POPN_XFDH,Ratio_pkpo_n,60-64,2012,1002,
SEX_RATIO_POPN_XFDH,Ratio_pkpo_n,60-64,2013,995,
SEX_RATIO_POPN_XFDH,Ratio_pkpo_n,60-64,2014,985,
SEX_RATIO_POPN_XFDH,Ratio_pkpo_n,60-64,2015,984,
SEX_RATIO_POPN_XFDH,Ratio_pkpo_n,60-64,2016,978,
SEX_RATIO_POPN_XFDH,Ratio_pkpo_n,60-64,2017,976,
SEX_RATIO_POPN_XFDH,Ratio_pkpo_n,60-64,2018,974,
SEX_RATIO_POPN_XFDH,Ratio_pkpo_n,60-64,2019,972,
SEX_RATIO_POPN_XFDH,Ratio_pkpo_n,60-64,2020,979,
SEX_RATIO_POPN_XFDH,Ratio_pkpo_n,60-64,2021,970,
SEX_RATIO_POPN_XFDH,Ratio_pkpo_n,60-64,2022,949,
SEX_RATIO_POPN_XFDH,Ratio_pkpo_n,60-64,2023,910,102
SEX_RATIO_POPN_XFDH,Ratio_pkpo_n,65-69,2000,1053,
SEX_RATIO_POPN_XFDH,Ratio_pkpo_n,65-69,2001,1052,
SEX_RATIO_POPN_XFDH,Ratio_pkpo_n,65-69,2002,1046,
SEX_RATIO_POPN_XFDH,Ratio_pkpo_n,65-69,2003,1042,
SEX_RATIO_POPN_XFDH,Ratio_pkpo_n,65-69,2004,1039,
SEX_RATIO_POPN_XFDH,Ratio_pkpo_n,65-69,2005,1054,
SEX_RATIO_POPN_XFDH,Ratio_pkpo_n,65-69,2006,1074,
SEX_RATIO_POPN_XFDH,Ratio_pkpo_n,65-69,2007,1091,
SEX_RATIO_POPN_XFDH,Ratio_pkpo_n,65-69,2008,1109,
SEX_RATIO_POPN_XFDH,Ratio_pkpo_n,65-69,2009,1125,
SEX_RATIO_POPN_XFDH,Ratio_pkpo_n,65-69,2010,1113,
SEX_RATIO_POPN_XFDH,Ratio_pkpo_n,65-69,2011,1079,
SEX_RATIO_POPN_XFDH,Ratio_pkpo_n,65-69,2012,1042,
SEX_RATIO_POPN_XFDH,Ratio_pkpo_n,65-69,2013,1018,
SEX_RATIO_POPN_XFDH,Ratio_pkpo_n,65-69,2014,1001,
SEX_RATIO_POPN_XFDH,Ratio_pkpo_n,65-69,2015,986,
SEX_RATIO_POPN_XFDH,Ratio_pkpo_n,65-69,2016,988,
SEX_RATIO_POPN_XFDH,Ratio_pkpo_n,65-69,2017,982,
SEX_RATIO_POPN_XFDH,Ratio_pkpo_n,65-69,2018,969,
SEX_RATIO_POPN_XFDH,Ratio_pkpo_n,65-69,2019,957,
SEX_RATIO_POPN_XFDH,Ratio_pkpo_n,65-69,2020,957,
SEX_RATIO_POPN_XFDH,Ratio_pkpo_n,65-69,2021,951,
SEX_RATIO_POPN_XFDH,Ratio_pkpo_n,65-69,2022,947,
SEX_RATIO_POPN_XFDH,Ratio_pkpo_n,65-69,2023,951,102
SEX_RATIO_POPN_XFDH,Ratio_pkpo_n,70-74,2000,936,
SEX_RATIO_POPN_XFDH,Ratio_pkpo_n,70-74,2001,949,
SEX_RATIO_POPN_XFDH,Ratio_pkpo_n,70-74,2002,959,
SEX_RATIO_POPN_XFDH,Ratio_pkpo_n,70-74,2003,978,
SEX_RATIO_POPN_XFDH,Ratio_pkpo_n,70-74,2004,987,
SEX_RATIO_POPN_XFDH,Ratio_pkpo_n,70-74,2005,976,
SEX_RATIO_POPN_XFDH,Ratio_pkpo_n,70-74,2006,969,
SEX_RATIO_POPN_XFDH,Ratio_pkpo_n,70-74,2007,965,
SEX_RATIO_POPN_XFDH,Ratio_pkpo_n,70-74,2008,971,
SEX_RATIO_POPN_XFDH,Ratio_pkpo_n,70-74,2009,975,
SEX_RATIO_POPN_XFDH,Ratio_pkpo_n,70-74,2010,999,
SEX_RATIO_POPN_XFDH,Ratio_pkpo_n,70-74,2011,1027,
SEX_RATIO_POPN_XFDH,Ratio_pkpo_n,70-74,2012,1043,
SEX_RATIO_POPN_XFDH,Ratio_pkpo_n,70-74,2013,1057,
SEX_RATIO_POPN_XFDH,Ratio_pkpo_n,70-74,2014,1077,
SEX_RATIO_POPN_XFDH,Ratio_pkpo_n,70-74,2015,1066,
SEX_RATIO_POPN_XFDH,Ratio_pkpo_n,70-74,2016,1033,
SEX_RATIO_POPN_XFDH,Ratio_pkpo_n,70-74,2017,1000,
SEX_RATIO_POPN_XFDH,Ratio_pkpo_n,70-74,2018,980,
SEX_RATIO_POPN_XFDH,Ratio_pkpo_n,70-74,2019,968,
SEX_RATIO_POPN_XFDH,Ratio_pkpo_n,70-74,2020,971,
SEX_RATIO_POPN_XFDH,Ratio_pkpo_n,70-74,2021,963,
SEX_RATIO_POPN_XFDH,Ratio_pkpo_n,70-74,2022,955,
SEX_RATIO_POPN_XFDH,Ratio_pkpo_n,70-74,2023,940,102
SEX_RATIO_POPN_XFDH,Ratio_pkpo_n,75-79,2000,781,
SEX_RATIO_POPN_XFDH,Ratio_pkpo_n,75-79,2001,790,
SEX_RATIO_POPN_XFDH,Ratio_pkpo_n,75-79,2002,797,
SEX_RATIO_POPN_XFDH,Ratio_pkpo_n,75-79,2003,807,
SEX_RATIO_POPN_XFDH,Ratio_pkpo_n,75-79,2004,814,
SEX_RATIO_POPN_XFDH,Ratio_pkpo_n,75-79,2005,837,
SEX_RATIO_POPN_XFDH,Ratio_pkpo_n,75-79,2006,855,
SEX_RATIO_POPN_XFDH,Ratio_pkpo_n,75-79,2007,882,
SEX_RATIO_POPN_XFDH,Ratio_pkpo_n,75-79,2008,897,
SEX_RATIO_POPN_XFDH,Ratio_pkpo_n,75-79,2009,909,
SEX_RATIO_POPN_XFDH,Ratio_pkpo_n,75-79,2010,899,
SEX_RATIO_POPN_XFDH,Ratio_pkpo_n,75-79,2011,896,
SEX_RATIO_POPN_XFDH,Ratio_pkpo_n,75-79,2012,902,
SEX_RATIO_POPN_XFDH,Ratio_pkpo_n,75-79,2013,915,
SEX_RATIO_POPN_XFDH,Ratio_pkpo_n,75-79,2014,914,
SEX_RATIO_POPN_XFDH,Ratio_pkpo_n,75-79,2015,935,
SEX_RATIO_POPN_XFDH,Ratio_pkpo_n,75-79,2016,963,
SEX_RATIO_POPN_XFDH,Ratio_pkpo_n,75-79,2017,987,
SEX_RATIO_POPN_XFDH,Ratio_pkpo_n,75-79,2018,1006,
SEX_RATIO_POPN_XFDH,Ratio_pkpo_n,75-79,2019,1015,
SEX_RATIO_POPN_XFDH,Ratio_pkpo_n,75-79,2020,995,
SEX_RATIO_POPN_XFDH,Ratio_pkpo_n,75-79,2021,962,
SEX_RATIO_POPN_XFDH,Ratio_pkpo_n,75-79,2022,938,
SEX_RATIO_POPN_XFDH,Ratio_pkpo_n,75-79,2023,925,102
SEX_RATIO_POPN_XFDH,Ratio_pkpo_n,80-84,2000,657,
SEX_RATIO_POPN_XFDH,Ratio_pkpo_n,80-84,2001,656,
SEX_RATIO_POPN_XFDH,Ratio_pkpo_n,80-84,2002,663,
SEX_RATIO_POPN_XFDH,Ratio_pkpo_n,80-84,2003,661,
SEX_RATIO_POPN_XFDH,Ratio_pkpo_n,80-84,2004,658,
SEX_RATIO_POPN_XFDH,Ratio_pkpo_n,80-84,2005,655,
SEX_RATIO_POPN_XFDH,Ratio_pkpo_n,80-84,2006,660,
SEX_RATIO_POPN_XFDH,Ratio_pkpo_n,80-84,2007,668,
SEX_RATIO_POPN_XFDH,Ratio_pkpo_n,80-84,2008,680,
SEX_RATIO_POPN_XFDH,Ratio_pkpo_n,80-84,2009,695,
SEX_RATIO_POPN_XFDH,Ratio_pkpo_n,80-84,2010,724,
SEX_RATIO_POPN_XFDH,Ratio_pkpo_n,80-84,2011,744,
SEX_RATIO_POPN_XFDH,Ratio_pkpo_n,80-84,2012,764,
SEX_RATIO_POPN_XFDH,Ratio_pkpo_n,80-84,2013,785,
SEX_RATIO_POPN_XFDH,Ratio_pkpo_n,80-84,2014,803,
SEX_RATIO_POPN_XFDH,Ratio_pkpo_n,80-84,2015,799,
SEX_RATIO_POPN_XFDH,Ratio_pkpo_n,80-84,2016,798,
SEX_RATIO_POPN_XFDH,Ratio_pkpo_n,80-84,2017,814,
SEX_RATIO_POPN_XFDH,Ratio_pkpo_n,80-84,2018,839,
SEX_RATIO_POPN_XFDH,Ratio_pkpo_n,80-84,2019,857,
SEX_RATIO_POPN_XFDH,Ratio_pkpo_n,80-84,2020,899,
SEX_RATIO_POPN_XFDH,Ratio_pkpo_n,80-84,2021,932,
SEX_RATIO_POPN_XFDH,Ratio_pkpo_n,80-84,2022,938,
SEX_RATIO_POPN_XFDH,Ratio_pkpo_n,80-84,2023,952,102
SEX_RATIO_POPN_XFDH,Ratio_pkpo_n,85+,2000,420,
SEX_RATIO_POPN_XFDH,Ratio_pkpo_n,85+,2001,453,
SEX_RATIO_POPN_XFDH,Ratio_pkpo_n,85+,2002,450,
SEX_RATIO_POPN_XFDH,Ratio_pkpo_n,85+,2003,445,
SEX_RATIO_POPN_XFDH,Ratio_pkpo_n,85+,2004,451,
SEX_RATIO_POPN_XFDH,Ratio_pkpo_n,85+,2005,453,
SEX_RATIO_POPN_XFDH,Ratio_pkpo_n,85+,2006,456,
SEX_RATIO_POPN_XFDH,Ratio_pkpo_n,85+,2007,463,
SEX_RATIO_POPN_XFDH,Ratio_pkpo_n,85+,2008,464,
SEX_RATIO_POPN_XFDH,Ratio_pkpo_n,85+,2009,468,
SEX_RATIO_POPN_XFDH,Ratio_pkpo_n,85+,2010,475,
SEX_RATIO_POPN_XFDH,Ratio_pkpo_n,85+,2011,481,
SEX_RATIO_POPN_XFDH,Ratio_pkpo_n,85+,2012,484,
SEX_RATIO_POPN_XFDH,Ratio_pkpo_n,85+,2013,488,
SEX_RATIO_POPN_XFDH,Ratio_pkpo_n,85+,2014,492,
SEX_RATIO_POPN_XFDH,Ratio_pkpo_n,85+,2015,505,
SEX_RATIO_POPN_XFDH,Ratio_pkpo_n,85+,2016,516,
SEX_RATIO_POPN_XFDH,Ratio_pkpo_n,85+,2017,530,
SEX_RATIO_POPN_XFDH,Ratio_pkpo_n,85+,2018,545,
SEX_RATIO_POPN_XFDH,Ratio_pkpo_n,85+,2019,559,
SEX_RATIO_POPN_XFDH,Ratio_pkpo_n,85+,2020,581,
SEX_RATIO_POPN_XFDH,Ratio_pkpo_n,85+,2021,596,
SEX_RATIO_POPN_XFDH,Ratio_pkpo_n,85+,2022,603,
SEX_RATIO_POPN_XFDH,Ratio_pkpo_n,85+,2023,614,102
SEX_RATIO_POPN_XFDH,Ratio_pkpo_n,,2000,1026,
SEX_RATIO_POPN_XFDH,Ratio_pkpo_n,,2001,1021,
SEX_RATIO_POPN_XFDH,Ratio_pkpo_n,,2002,1014,
SEX_RATIO_POPN_XFDH,Ratio_pkpo_n,,2003,998,
SEX_RATIO_POPN_XFDH,Ratio_pkpo_n,,2004,988,
SEX_RATIO_POPN_XFDH,Ratio_pkpo_n,,2005,979,
SEX_RATIO_POPN_XFDH,Ratio_pkpo_n,,2006,971,
SEX_RATIO_POPN_XFDH,Ratio_pkpo_n,,2007,966,
SEX_RATIO_POPN_XFDH,Ratio_pkpo_n,,2008,961,
SEX_RATIO_POPN_XFDH,Ratio_pkpo_n,,2009,957,
SEX_RATIO_POPN_XFDH,Ratio_pkpo_n,,2010,952,
SEX_RATIO_POPN_XFDH,Ratio_pkpo_n,,2011,948,
SEX_RATIO_POPN_XFDH,Ratio_pkpo_n,,2012,943,
SEX_RATIO_POPN_XFDH,Ratio_pkpo_n,,2013,939,
SEX_RATIO_POPN_XFDH,Ratio_pkpo_n,,2014,935,
SEX_RATIO_POPN_XFDH,Ratio_pkpo_n,,2015,932,
SEX_RATIO_POPN_XFDH,Ratio_pkpo_n,,2016,925,
SEX_RATIO_POPN_XFDH,Ratio_pkpo_n,,2017,921,
SEX_RATIO_POPN_XFDH,Ratio_pkpo_n,,2018,916,
SEX_RATIO_POPN_XFDH,Ratio_pkpo_n,,2019,910,
SEX_RATIO_POPN_XFDH,Ratio_pkpo_n,,2020,913,
SEX_RATIO_POPN_XFDH,Ratio_pkpo_n,,2021,910,
SEX_RATIO_POPN_XFDH,Ratio_pkpo_n,,2022,911,
SEX_RATIO_POPN_XFDH,Ratio_pkpo_n,,2023,909,102
